sample_index	mutation_index	cluster	var	depth
0	0	3	0	1154
0	1	1	161	322
0	2	1	500	1000
0	3	2	30	212
0	4	1	301	603
0	5	1	51	102
0	6	1	169	339
0	7	1	262	525
0	8	1	97	194
0	9	1	105	211
0	10	1	316	632
0	11	5	0	141
0	12	4	0	390
0	13	1	167	335
0	14	1	141	282
0	15	1	92	184
0	16	1	269	538
0	17	7	306	705
0	18	1	132	265
0	19	1	212	425
0	20	2	99	624
0	21	3	2	588
0	22	1	32	65
0	23	1	74	148
0	24	1	138	277
0	25	1	187	375
0	26	1	110	221
0	27	1	154	309
0	28	1	144	288
0	29	1	101	202
0	30	1	152	304
0	31	1	308	616
0	32	2	23	84
0	33	1	146	292
0	34	1	338	676
0	35	2	43	272
0	36	1	188	376
0	37	1	864	1728
0	38	1	143	287
0	39	1	481	962
0	40	2	48	292
0	41	1	185	371
0	42	1	25	50
0	43	6	120	267
0	44	3	0	426
0	45	3	0	205
0	46	1	43	86
0	47	3	0	426
0	48	2	73	458
0	49	1	150	301
0	50	1	455	911
0	51	1	68	136
0	52	1	84	168
0	53	1	178	357
0	54	2	63	396
0	55	1	359	718
0	56	7	378	881
0	57	1	243	487
0	58	2	57	359
0	59	4	0	284
0	60	2	164	1026
0	61	1	42	84
0	62	4	0	81
0	63	1	27	55
0	64	6	135	311
0	65	1	331	662
0	66	2	79	499
0	67	1	323	647
0	68	3	0	934
0	69	2	34	207
0	70	1	42	84
0	71	1	158	317
0	72	2	48	301
0	73	1	155	311
0	74	2	109	685
0	75	1	182	364
0	76	6	386	869
0	77	1	269	539
0	78	1	222	445
0	79	1	185	370
0	80	1	46	92
0	81	1	51	102
0	82	1	123	246
0	83	2	26	166
0	84	1	218	437
0	85	1	58	116
0	86	5	0	693
0	87	1	270	540
0	88	2	121	761
0	89	1	96	193
0	90	4	0	386
0	91	1	85	171
0	92	1	23	46
0	93	1	972	1944
0	94	1	118	236
0	95	1	221	443
0	96	1	268	537
0	97	1	201	402
0	98	3	0	666
0	99	1	389	779
0	100	1	494	989
0	101	1	107	214
0	102	1	738	1477
0	103	1	116	233
0	104	1	409	818
0	105	1	97	195
0	106	1	175	351
0	107	2	109	664
0	108	1	142	284
0	109	2	51	303
0	110	1	115	230
0	111	1	67	135
0	112	1	31	62
0	113	1	388	776
0	114	1	41	83
0	115	1	494	989
0	116	1	244	488
0	117	1	76	153
0	118	1	93	187
0	119	1	437	874
0	120	2	13	49
0	121	2	56	356
0	122	7	204	567
0	123	1	196	393
0	124	1	551	1103
0	125	1	140	280
0	126	1	43	86
0	127	1	180	361
0	128	1	181	362
0	129	1	109	218
0	130	3	0	415
0	131	4	0	377
0	132	1	258	516
0	133	1	138	276
0	134	3	0	457
0	135	3	0	73
0	136	1	697	1395
0	137	1	235	470
0	138	1	166	332
0	139	3	0	616
0	140	1	335	670
0	141	1	397	794
0	142	1	252	504
0	143	1	521	1042
0	144	1	486	973
0	145	2	108	680
0	146	1	233	466
0	147	1	207	415
0	148	1	272	544
0	149	1	194	389
0	150	4	0	505
0	151	1	177	354
0	152	1	82	164
0	153	1	368	737
0	154	5	0	192
0	155	2	92	578
0	156	1	309	618
0	157	3	0	386
0	158	1	455	910
0	159	1	82	164
0	160	1	171	343
0	161	1	140	281
0	162	1	118	236
0	163	3	0	76
0	164	1	40	80
0	165	1	168	337
0	166	1	38	77
0	167	1	94	188
0	168	1	449	899
0	169	4	0	260
0	170	1	265	531
0	171	1	198	396
0	172	1	416	833
0	173	5	0	614
0	174	1	48	97
0	175	1	151	302
0	176	5	0	325
0	177	1	525	1051
0	178	6	97	215
0	179	1	89	178
0	180	1	77	155
0	181	4	0	377
0	182	1	134	269
0	183	1	231	462
0	184	1	453	907
0	185	1	123	247
0	186	1	261	523
0	187	1	136	273
0	188	1	306	613
0	189	1	82	165
0	190	3	0	1307
0	191	1	206	412
0	192	1	378	756
0	193	1	625	1251
0	194	4	0	264
0	195	1	120	240
0	196	1	97	195
0	197	1	307	615
0	198	3	0	653
0	199	1	151	302
0	200	1	43	87
0	201	1	224	448
0	202	3	0	305
0	203	1	118	236
0	204	2	68	425
0	205	1	405	811
0	206	7	160	386
0	207	1	105	211
0	208	1	387	775
0	209	1	303	606
0	210	3	0	710
0	211	1	499	998
0	212	1	109	219
0	213	1	369	739
0	214	4	0	659
0	215	4	0	231
0	216	1	107	215
0	217	1	72	145
0	218	1	60	121
0	219	1	71	142
0	220	1	271	543
0	221	3	0	240
0	222	1	147	294
0	223	1	256	512
0	224	1	534	1069
0	225	1	161	323
0	226	1	113	227
0	227	1	108	216
0	228	3	0	94
0	229	1	436	872
0	230	1	66	132
0	231	1	91	183
0	232	2	24	148
0	233	1	120	241
0	234	4	0	592
0	235	2	27	149
0	236	2	78	475
0	237	4	0	225
0	238	1	42	85
0	239	1	192	385
0	240	1	396	793
0	241	1	79	158
0	242	1	82	165
0	243	1	70	140
0	244	1	270	541
0	245	2	70	393
0	246	4	0	622
0	247	6	105	267
0	248	4	0	263
0	249	2	58	368
0	250	5	0	428
0	251	1	214	428
0	252	1	166	332
0	253	1	390	781
0	254	1	52	104
0	255	1	275	551
0	256	2	69	424
0	257	1	404	808
0	258	3	0	469
0	259	1	205	411
0	260	1	138	276
0	261	1	46	92
0	262	6	57	168
0	263	1	168	336
0	264	4	0	140
0	265	1	91	182
0	266	1	105	210
0	267	5	0	345
0	268	1	340	681
0	269	1	110	220
0	270	1	143	286
0	271	5	0	220
0	272	3	0	77
0	273	1	188	377
0	274	1	127	255
0	275	1	184	369
0	276	1	264	528
0	277	6	327	728
0	278	1	88	176
0	279	2	48	300
0	280	3	0	227
0	281	2	50	318
0	282	1	69	139
0	283	1	124	248
0	284	2	82	515
0	285	3	0	287
0	286	1	425	850
0	287	6	323	719
0	288	3	0	263
0	289	3	0	180
0	290	1	499	999
0	291	2	91	572
0	292	1	35	71
0	293	1	354	709
0	294	1	194	388
0	295	3	0	689
0	296	1	68	137
0	297	1	140	281
0	298	1	80	160
0	299	1	109	218
0	300	1	176	352
0	301	1	143	287
0	302	1	42	84
0	303	1	319	639
0	304	1	274	548
0	305	1	62	124
0	306	2	47	298
0	307	1	242	485
0	308	5	0	592
0	309	1	126	252
0	310	1	276	552
0	311	4	0	446
0	312	1	192	385
0	313	1	230	461
0	314	7	140	322
0	315	1	153	306
0	316	1	127	255
0	317	1	142	285
0	318	4	0	484
0	319	3	0	57
0	320	1	156	312
0	321	4	0	613
0	322	1	236	473
0	323	1	41	82
0	324	1	138	277
0	325	1	82	165
0	326	1	486	973
0	327	1	59	119
0	328	1	93	187
0	329	1	356	712
0	330	7	307	708
0	331	2	89	559
0	332	1	314	628
0	333	1	157	314
0	334	1	310	620
0	335	1	62	125
0	336	3	0	691
0	337	5	5	230
0	338	4	0	408
0	339	1	53	106
0	340	2	52	331
0	341	1	208	417
0	342	4	0	526
0	343	2	86	543
0	344	2	103	645
0	345	5	0	305
0	346	1	112	225
0	347	1	51	102
0	348	5	0	481
0	349	1	86	172
0	350	1	108	216
0	351	1	102	205
0	352	1	441	883
0	353	3	0	42
0	354	2	32	183
0	355	1	351	703
0	356	4	0	236
0	357	7	119	303
0	358	2	55	344
0	359	1	58	116
0	360	3	0	744
0	361	3	0	417
0	362	4	0	227
0	363	1	79	158
0	364	1	84	168
0	365	1	37	74
0	366	1	93	187
0	367	1	164	329
0	368	1	506	1012
0	369	2	68	430
0	370	5	0	523
0	371	1	89	178
0	372	1	275	550
0	373	1	339	679
0	374	4	0	1110
0	375	1	212	425
0	376	1	157	314
0	377	1	51	102
0	378	1	289	578
0	379	4	31	389
0	380	5	0	441
0	381	1	28	56
0	382	1	410	821
0	383	3	0	569
0	384	6	350	805
0	385	1	121	243
0	386	1	78	156
0	387	4	0	355
0	388	2	147	924
0	389	1	281	562
0	390	7	238	548
0	391	4	0	55
0	392	1	167	334
0	393	1	223	447
0	394	1	293	587
0	395	1	205	411
0	396	2	75	470
0	397	3	0	849
0	398	1	263	527
0	399	1	399	798
0	400	3	0	719
0	401	1	310	620
0	402	1	202	405
0	403	1	23	46
0	404	1	139	279
0	405	1	398	796
0	406	1	227	454
0	407	2	42	266
0	408	1	331	663
0	409	4	0	590
0	410	4	0	235
0	411	2	33	207
0	412	1	98	196
0	413	1	406	812
0	414	1	37	74
0	415	1	264	529
0	416	1	182	365
0	417	1	144	288
0	418	1	270	541
0	419	1	92	184
0	420	3	0	546
0	421	2	56	353
0	422	2	67	424
0	423	1	299	598
0	424	1	299	599
0	425	3	0	560
0	426	1	274	549
0	427	6	468	1042
0	428	1	174	348
0	429	1	131	263
0	430	1	150	301
0	431	1	398	796
0	432	1	527	1054
0	433	3	0	126
0	434	2	112	701
0	435	1	213	426
0	436	1	330	661
0	437	4	0	162
0	438	2	65	412
0	439	3	0	428
0	440	2	22	137
0	441	4	0	639
0	442	2	81	508
0	443	3	0	70
0	444	1	45	90
0	445	1	396	793
0	446	1	189	378
0	447	3	0	191
0	448	4	0	632
0	449	5	0	325
0	450	1	222	445
0	451	1	405	811
0	452	2	165	1032
0	453	1	28	56
0	454	1	359	718
0	455	2	92	577
0	456	5	0	793
0	457	1	40	81
0	458	2	120	728
0	459	5	0	583
0	460	4	0	758
0	461	1	228	456
0	462	1	117	235
0	463	1	128	256
0	464	2	92	578
0	465	4	0	537
0	466	1	84	168
0	467	1	129	259
0	468	1	566	1133
0	469	2	26	161
0	470	1	62	125
0	471	3	0	358
0	472	1	144	288
0	473	1	217	435
0	474	1	254	508
0	475	1	353	707
0	476	6	234	521
0	477	2	148	926
0	478	1	172	345
0	479	1	161	323
0	480	4	0	633
0	481	1	208	417
0	482	1	284	569
0	483	1	217	435
0	484	2	98	596
0	485	2	54	343
0	486	1	332	664
0	487	1	59	119
0	488	1	167	335
0	489	1	307	615
0	490	1	446	893
0	491	4	0	1633
0	492	1	350	700
0	493	1	108	217
0	494	2	45	253
0	495	3	0	234
0	496	3	0	524
0	497	7	87	202
0	498	1	445	890
0	499	1	205	410
0	500	1	400	801
0	501	5	0	267
0	502	1	479	959
0	503	1	233	466
0	504	5	0	481
0	505	1	218	437
0	506	2	57	336
0	507	5	0	246
0	508	1	111	223
0	509	2	146	916
0	510	1	24	48
0	511	1	114	229
0	512	3	0	368
0	513	1	36	73
0	514	2	60	381
0	515	2	123	771
0	516	1	353	707
0	517	1	67	134
0	518	7	103	240
0	519	1	138	277
0	520	1	277	555
0	521	4	0	1352
0	522	1	182	364
0	523	1	254	508
0	524	1	90	181
0	525	1	256	513
0	526	2	59	370
0	527	1	161	323
0	528	1	173	347
0	529	3	0	649
0	530	1	313	626
0	531	4	0	380
0	532	1	132	265
0	533	2	54	342
0	534	1	184	369
0	535	2	20	87
0	536	2	75	469
0	537	1	88	176
0	538	1	183	366
0	539	2	61	359
0	540	1	36	73
0	541	1	327	655
1	0	3	632	1472
1	1	1	241	482
1	2	1	697	1395
1	3	2	0	299
1	4	1	388	776
1	5	1	76	153
1	6	1	233	466
1	7	1	319	638
1	8	1	159	319
1	9	1	107	214
1	10	1	433	866
1	11	5	18	198
1	12	4	0	445
1	13	1	271	543
1	14	1	222	445
1	15	1	128	257
1	16	1	271	543
1	17	7	5	1038
1	18	1	184	369
1	19	1	282	565
1	20	2	0	831
1	21	3	312	726
1	22	1	45	90
1	23	1	102	204
1	24	1	218	437
1	25	1	247	495
1	26	1	186	372
1	27	1	183	366
1	28	1	224	449
1	29	1	105	210
1	30	1	208	417
1	31	1	449	899
1	32	2	0	124
1	33	1	182	365
1	34	1	472	945
1	35	2	0	403
1	36	1	267	535
1	37	1	1198	2396
1	38	1	194	388
1	39	1	681	1363
1	40	2	0	408
1	41	1	245	491
1	42	1	51	102
1	43	6	0	407
1	44	3	259	604
1	45	3	126	294
1	46	1	54	108
1	47	3	336	783
1	48	2	0	651
1	49	1	207	415
1	50	1	647	1294
1	51	1	80	161
1	52	1	120	241
1	53	1	224	448
1	54	2	0	399
1	55	1	546	1092
1	56	7	6	1210
1	57	1	267	534
1	58	2	0	568
1	59	4	0	334
1	60	2	0	1422
1	61	1	51	103
1	62	4	0	80
1	63	1	32	65
1	64	6	0	439
1	65	1	431	862
1	66	2	0	653
1	67	1	463	926
1	68	3	592	1377
1	69	2	0	308
1	70	1	60	120
1	71	1	175	351
1	72	2	0	362
1	73	1	184	368
1	74	2	0	846
1	75	1	265	530
1	76	6	0	1169
1	77	1	374	749
1	78	1	350	700
1	79	1	284	568
1	80	1	66	133
1	81	1	58	116
1	82	1	164	329
1	83	2	0	243
1	84	1	278	557
1	85	1	75	151
1	86	5	82	865
1	87	1	372	744
1	88	2	0	1262
1	89	1	113	226
1	90	4	0	535
1	91	1	107	214
1	92	1	30	60
1	93	1	1235	2471
1	94	1	173	347
1	95	1	297	595
1	96	1	385	771
1	97	1	221	443
1	98	3	375	873
1	99	1	643	1286
1	100	1	686	1372
1	101	1	153	307
1	102	1	920	1841
1	103	1	166	333
1	104	1	616	1233
1	105	1	152	304
1	106	1	218	437
1	107	2	0	1042
1	108	1	157	315
1	109	2	0	380
1	110	1	145	290
1	111	1	75	151
1	112	1	40	80
1	113	1	424	848
1	114	1	43	87
1	115	1	751	1502
1	116	1	337	675
1	117	1	94	188
1	118	1	132	265
1	119	1	547	1095
1	120	2	0	78
1	121	2	0	484
1	122	7	4	809
1	123	1	204	409
1	124	1	676	1353
1	125	1	205	410
1	126	1	54	109
1	127	1	224	448
1	128	1	244	488
1	129	1	129	259
1	130	3	235	547
1	131	4	0	479
1	132	1	367	735
1	133	1	184	369
1	134	3	205	479
1	135	3	36	88
1	136	1	858	1717
1	137	1	290	580
1	138	1	215	431
1	139	3	336	783
1	140	1	389	779
1	141	1	559	1119
1	142	1	309	618
1	143	1	677	1355
1	144	1	604	1209
1	145	2	0	1389
1	146	1	356	712
1	147	1	289	578
1	148	1	374	748
1	149	1	326	653
1	150	4	0	744
1	151	1	244	488
1	152	1	102	204
1	153	1	450	900
1	154	5	29	307
1	155	2	0	798
1	156	1	376	752
1	157	3	199	464
1	158	1	599	1198
1	159	1	162	324
1	160	1	231	463
1	161	1	218	437
1	162	1	130	261
1	163	3	42	101
1	164	1	49	99
1	165	1	195	390
1	166	1	47	94
1	167	1	114	229
1	168	1	668	1336
1	169	4	0	357
1	170	1	335	671
1	171	1	275	550
1	172	1	570	1140
1	173	5	74	788
1	174	1	53	106
1	175	1	152	304
1	176	5	40	426
1	177	1	731	1462
1	178	6	1	253
1	179	1	128	256
1	180	1	122	244
1	181	4	0	529
1	182	1	189	379
1	183	1	311	622
1	184	1	584	1168
1	185	1	155	310
1	186	1	367	734
1	187	1	165	330
1	188	1	436	873
1	189	1	107	214
1	190	3	766	1783
1	191	1	298	596
1	192	1	549	1098
1	193	1	858	1716
1	194	4	0	333
1	195	1	183	366
1	196	1	124	249
1	197	1	424	849
1	198	3	355	827
1	199	1	197	395
1	200	1	61	122
1	201	1	342	684
1	202	3	210	520
1	203	1	176	353
1	204	2	0	676
1	205	1	576	1153
1	206	7	2	540
1	207	1	127	255
1	208	1	507	1014
1	209	1	449	899
1	210	3	398	927
1	211	1	608	1217
1	212	1	186	372
1	213	1	472	945
1	214	4	0	777
1	215	4	0	290
1	216	1	151	302
1	217	1	85	170
1	218	1	82	164
1	219	1	106	213
1	220	1	364	729
1	221	3	145	339
1	222	1	223	447
1	223	1	350	701
1	224	1	811	1622
1	225	1	234	469
1	226	1	142	284
1	227	1	152	305
1	228	3	36	86
1	229	1	582	1165
1	230	1	96	193
1	231	1	113	227
1	232	2	0	186
1	233	1	172	345
1	234	4	0	800
1	235	2	0	205
1	236	2	0	690
1	237	4	0	238
1	238	1	47	95
1	239	1	306	613
1	240	1	533	1066
1	241	1	93	186
1	242	1	126	253
1	243	1	112	225
1	244	1	334	669
1	245	2	0	534
1	246	4	0	798
1	247	6	0	322
1	248	4	0	384
1	249	2	0	590
1	250	5	64	642
1	251	1	308	616
1	252	1	237	475
1	253	1	476	952
1	254	1	54	108
1	255	1	415	830
1	256	2	0	602
1	257	1	473	947
1	258	3	254	593
1	259	1	278	557
1	260	1	166	333
1	261	1	81	162
1	262	6	0	211
1	263	1	286	573
1	264	4	0	227
1	265	1	144	289
1	266	1	116	232
1	267	5	42	444
1	268	1	424	849
1	269	1	139	278
1	270	1	171	343
1	271	5	24	262
1	272	3	62	146
1	273	1	241	483
1	274	1	205	411
1	275	1	268	537
1	276	1	328	656
1	277	6	0	751
1	278	1	123	246
1	279	2	0	373
1	280	3	135	316
1	281	2	0	419
1	282	1	71	142
1	283	1	193	386
1	284	2	0	590
1	285	3	183	427
1	286	1	547	1094
1	287	6	0	1139
1	288	3	147	342
1	289	3	107	251
1	290	1	591	1182
1	291	2	0	771
1	292	1	30	61
1	293	1	418	836
1	294	1	240	480
1	295	3	417	972
1	296	1	83	166
1	297	1	218	436
1	298	1	113	226
1	299	1	140	281
1	300	1	259	518
1	301	1	230	461
1	302	1	51	102
1	303	1	447	895
1	304	1	418	836
1	305	1	78	157
1	306	2	0	398
1	307	1	312	624
1	308	5	76	802
1	309	1	160	321
1	310	1	407	814
1	311	4	0	610
1	312	1	265	530
1	313	1	299	599
1	314	7	2	455
1	315	1	209	419
1	316	1	184	368
1	317	1	205	411
1	318	4	0	598
1	319	3	35	82
1	320	1	226	452
1	321	4	0	778
1	322	1	405	810
1	323	1	50	100
1	324	1	223	447
1	325	1	87	175
1	326	1	640	1280
1	327	1	69	139
1	328	1	112	225
1	329	1	509	1019
1	330	7	4	836
1	331	2	0	817
1	332	1	408	817
1	333	1	222	445
1	334	1	447	895
1	335	1	75	150
1	336	3	332	773
1	337	5	29	346
1	338	4	0	648
1	339	1	75	151
1	340	2	0	450
1	341	1	327	654
1	342	4	0	870
1	343	2	0	733
1	344	2	0	884
1	345	5	39	413
1	346	1	216	433
1	347	1	68	137
1	348	5	58	612
1	349	1	121	243
1	350	1	121	242
1	351	1	125	250
1	352	1	612	1225
1	353	3	32	76
1	354	2	0	282
1	355	1	453	906
1	356	4	0	389
1	357	7	1	388
1	358	2	0	396
1	359	1	88	177
1	360	3	415	966
1	361	3	207	483
1	362	4	0	267
1	363	1	99	198
1	364	1	98	197
1	365	1	30	61
1	366	1	117	235
1	367	1	212	424
1	368	1	725	1451
1	369	2	0	569
1	370	5	60	632
1	371	1	114	229
1	372	1	343	687
1	373	1	507	1014
1	374	4	0	1286
1	375	1	307	614
1	376	1	232	464
1	377	1	71	142
1	378	1	387	775
1	379	4	0	523
1	380	5	56	591
1	381	1	44	89
1	382	1	497	995
1	383	3	348	811
1	384	6	0	1033
1	385	1	158	317
1	386	1	127	254
1	387	4	0	490
1	388	2	0	1338
1	389	1	359	719
1	390	7	4	810
1	391	4	0	113
1	392	1	265	530
1	393	1	378	757
1	394	1	420	840
1	395	1	306	612
1	396	2	0	634
1	397	3	498	1159
1	398	1	289	578
1	399	1	564	1129
1	400	3	427	994
1	401	1	382	765
1	402	1	248	496
1	403	1	54	108
1	404	1	170	340
1	405	1	544	1089
1	406	1	295	591
1	407	2	0	331
1	408	1	442	885
1	409	4	0	819
1	410	4	0	320
1	411	2	0	321
1	412	1	130	260
1	413	1	538	1077
1	414	1	48	96
1	415	1	351	702
1	416	1	240	480
1	417	1	220	440
1	418	1	355	711
1	419	1	137	274
1	420	3	347	808
1	421	2	0	421
1	422	2	0	600
1	423	1	369	738
1	424	1	388	777
1	425	3	333	775
1	426	1	382	764
1	427	6	0	1331
1	428	1	206	413
1	429	1	164	329
1	430	1	212	425
1	431	1	504	1009
1	432	1	680	1361
1	433	3	71	167
1	434	2	0	986
1	435	1	317	634
1	436	1	428	857
1	437	4	0	218
1	438	2	0	531
1	439	3	255	595
1	440	2	0	148
1	441	4	0	769
1	442	2	0	744
1	443	3	31	74
1	444	1	56	113
1	445	1	521	1042
1	446	1	265	530
1	447	3	107	249
1	448	4	0	688
1	449	5	45	483
1	450	1	237	474
1	451	1	566	1133
1	452	2	0	1623
1	453	1	47	94
1	454	1	535	1070
1	455	2	0	643
1	456	5	95	1003
1	457	1	48	97
1	458	2	0	1058
1	459	5	70	740
1	460	4	0	1222
1	461	1	332	664
1	462	1	182	364
1	463	1	160	320
1	464	2	0	839
1	465	4	0	656
1	466	1	110	221
1	467	1	176	353
1	468	1	724	1449
1	469	2	0	208
1	470	1	84	169
1	471	3	192	452
1	472	1	178	357
1	473	1	296	593
1	474	1	359	718
1	475	1	494	989
1	476	6	0	749
1	477	2	0	1367
1	478	1	207	415
1	479	1	242	485
1	480	4	0	913
1	481	1	285	571
1	482	1	389	778
1	483	1	247	495
1	484	2	0	800
1	485	2	0	482
1	486	1	466	932
1	487	1	90	181
1	488	1	227	455
1	489	1	408	817
1	490	1	508	1017
1	491	4	0	2213
1	492	1	502	1005
1	493	1	143	286
1	494	2	0	369
1	495	3	145	338
1	496	3	302	704
1	497	7	1	277
1	498	1	559	1118
1	499	1	263	527
1	500	1	498	996
1	501	5	30	342
1	502	1	596	1193
1	503	1	330	660
1	504	5	60	637
1	505	1	326	652
1	506	2	0	383
1	507	5	31	327
1	508	1	168	337
1	509	2	0	1210
1	510	1	44	89
1	511	1	160	321
1	512	3	245	570
1	513	1	47	95
1	514	2	0	543
1	515	2	0	1020
1	516	1	446	893
1	517	1	87	174
1	518	7	1	315
1	519	1	161	323
1	520	1	431	863
1	521	4	0	1781
1	522	1	215	430
1	523	1	349	698
1	524	1	105	210
1	525	1	386	773
1	526	2	0	606
1	527	1	208	416
1	528	1	233	467
1	529	3	379	892
1	530	1	437	875
1	531	4	0	533
1	532	1	179	359
1	533	2	0	510
1	534	1	257	515
1	535	2	0	103
1	536	2	0	678
1	537	1	102	204
1	538	1	248	497
1	539	2	0	490
1	540	1	33	67
1	541	1	455	911
2	0	3	0	992
2	1	1	193	386
2	2	1	438	876
2	3	2	24	209
2	4	1	331	663
2	5	1	65	130
2	6	1	189	379
2	7	1	334	668
2	8	1	117	234
2	9	1	110	220
2	10	1	335	670
2	11	5	0	191
2	12	4	76	357
2	13	1	194	388
2	14	1	169	339
2	15	1	112	225
2	16	1	258	516
2	17	7	302	729
2	18	1	157	314
2	19	1	236	472
2	20	2	0	583
2	21	3	0	670
2	22	1	42	84
2	23	1	96	193
2	24	1	137	274
2	25	1	182	365
2	26	1	126	252
2	27	1	226	453
2	28	1	205	410
2	29	1	129	258
2	30	1	169	338
2	31	1	327	654
2	32	2	0	99
2	33	1	133	266
2	34	1	365	730
2	35	2	0	292
2	36	1	256	513
2	37	1	658	1317
2	38	1	138	277
2	39	1	360	721
2	40	2	0	303
2	41	1	185	371
2	42	1	39	79
2	43	6	4	276
2	44	3	0	412
2	45	3	0	246
2	46	1	47	95
2	47	3	0	421
2	48	2	0	501
2	49	1	143	286
2	50	1	499	998
2	51	1	52	104
2	52	1	92	185
2	53	1	189	378
2	54	2	0	237
2	55	1	438	877
2	56	7	343	827
2	57	1	212	425
2	58	2	0	460
2	59	4	59	278
2	60	2	0	1121
2	61	1	39	79
2	62	4	19	91
2	63	1	20	40
2	64	6	3	225
2	65	1	370	740
2	66	2	0	740
2	67	1	353	707
2	68	3	0	986
2	69	2	0	230
2	70	1	59	119
2	71	1	129	259
2	72	2	0	375
2	73	1	158	317
2	74	2	0	573
2	75	1	190	380
2	76	6	11	748
2	77	1	320	640
2	78	1	221	443
2	79	1	181	362
2	80	1	72	145
2	81	1	41	82
2	82	1	139	279
2	83	2	0	249
2	84	1	185	371
2	85	1	45	91
2	86	5	0	797
2	87	1	254	509
2	88	2	0	865
2	89	1	113	227
2	90	4	92	430
2	91	1	87	174
2	92	1	24	49
2	93	1	940	1880
2	94	1	96	192
2	95	1	240	481
2	96	1	256	512
2	97	1	170	341
2	98	3	0	778
2	99	1	437	874
2	100	1	438	876
2	101	1	132	265
2	102	1	710	1420
2	103	1	105	211
2	104	1	417	834
2	105	1	105	211
2	106	1	184	369
2	107	2	0	719
2	108	1	134	268
2	109	2	0	303
2	110	1	116	233
2	111	1	60	121
2	112	1	33	67
2	113	1	348	696
2	114	1	50	101
2	115	1	505	1010
2	116	1	248	497
2	117	1	86	172
2	118	1	112	225
2	119	1	500	1001
2	120	2	0	51
2	121	2	0	442
2	122	7	214	558
2	123	1	193	387
2	124	1	476	952
2	125	1	162	324
2	126	1	47	94
2	127	1	177	354
2	128	1	183	367
2	129	1	117	234
2	130	3	0	462
2	131	4	69	322
2	132	1	290	581
2	133	1	99	198
2	134	3	0	454
2	135	3	0	95
2	136	1	537	1075
2	137	1	257	514
2	138	1	187	375
2	139	3	0	528
2	140	1	319	638
2	141	1	419	838
2	142	1	269	538
2	143	1	537	1075
2	144	1	541	1083
2	145	2	0	916
2	146	1	244	488
2	147	1	206	413
2	148	1	273	547
2	149	1	237	475
2	150	4	125	582
2	151	1	162	325
2	152	1	88	177
2	153	1	274	548
2	154	5	0	215
2	155	2	0	640
2	156	1	354	708
2	157	3	0	422
2	158	1	532	1064
2	159	1	127	254
2	160	1	189	378
2	161	1	183	366
2	162	1	141	283
2	163	3	0	76
2	164	1	57	114
2	165	1	155	310
2	166	1	35	70
2	167	1	90	181
2	168	1	424	849
2	169	4	59	278
2	170	1	251	502
2	171	1	209	424
2	172	1	279	559
2	173	5	0	815
2	174	1	72	144
2	175	1	119	238
2	176	5	0	356
2	177	1	509	1018
2	178	6	10	234
2	179	1	93	186
2	180	1	87	174
2	181	4	102	479
2	182	1	154	308
2	183	1	280	560
2	184	1	474	949
2	185	1	109	219
2	186	1	270	540
2	187	1	96	192
2	188	1	394	789
2	189	1	98	196
2	190	3	0	1235
2	191	1	197	394
2	192	1	433	867
2	193	1	626	1252
2	194	4	56	262
2	195	1	145	291
2	196	1	100	200
2	197	1	382	764
2	198	3	0	585
2	199	1	152	304
2	200	1	43	86
2	201	1	217	434
2	202	3	0	382
2	203	1	136	273
2	204	2	0	435
2	205	1	438	876
2	206	7	140	361
2	207	1	95	191
2	208	1	345	690
2	209	1	335	670
2	210	3	0	746
2	211	1	355	710
2	212	1	112	225
2	213	1	365	731
2	214	4	147	688
2	215	4	64	298
2	216	1	166	333
2	217	1	85	170
2	218	1	87	175
2	219	1	99	199
2	220	1	276	552
2	221	3	0	248
2	222	1	141	283
2	223	1	282	564
2	224	1	541	1082
2	225	1	185	370
2	226	1	129	258
2	227	1	109	218
2	228	3	0	86
2	229	1	376	752
2	230	1	81	162
2	231	1	80	161
2	232	2	0	174
2	233	1	140	281
2	234	4	139	649
2	235	2	0	142
2	236	2	0	514
2	237	4	42	197
2	238	1	49	98
2	239	1	194	389
2	240	1	442	885
2	241	1	103	206
2	242	1	91	182
2	243	1	74	149
2	244	1	328	657
2	245	2	0	453
2	246	4	141	658
2	247	6	7	286
2	248	4	62	293
2	249	2	0	352
2	250	5	0	572
2	251	1	212	424
2	252	1	214	428
2	253	1	304	609
2	254	1	54	108
2	255	1	276	553
2	256	2	0	506
2	257	1	328	656
2	258	3	0	507
2	259	1	200	400
2	260	1	152	305
2	261	1	72	145
2	262	6	1	195
2	263	1	228	456
2	264	4	42	196
2	265	1	105	211
2	266	1	111	223
2	267	5	6	259
2	268	1	297	595
2	269	1	120	241
2	270	1	186	373
2	271	5	0	235
2	272	3	0	117
2	273	1	215	430
2	274	1	126	252
2	275	1	208	417
2	276	1	209	418
2	277	6	7	505
2	278	1	87	174
2	279	2	0	244
2	280	3	0	247
2	281	2	0	394
2	282	1	61	122
2	283	1	134	268
2	284	2	0	536
2	285	3	0	298
2	286	1	378	756
2	287	6	12	863
2	288	3	0	254
2	289	3	0	172
2	290	1	487	974
2	291	2	0	540
2	292	1	25	51
2	293	1	275	551
2	294	1	188	376
2	295	3	0	846
2	296	1	68	136
2	297	1	147	294
2	298	1	103	207
2	299	1	134	269
2	300	1	195	390
2	301	1	151	303
2	302	1	46	93
2	303	1	368	737
2	304	1	266	533
2	305	1	87	174
2	306	2	0	405
2	307	1	240	481
2	308	5	0	590
2	309	1	141	282
2	310	1	277	554
2	311	4	110	514
2	312	1	241	482
2	313	1	221	442
2	314	7	129	308
2	315	1	205	410
2	316	1	160	320
2	317	1	189	379
2	318	4	77	360
2	319	3	0	86
2	320	1	172	345
2	321	4	112	524
2	322	1	328	656
2	323	1	33	67
2	324	1	164	329
2	325	1	101	202
2	326	1	450	901
2	327	1	71	143
2	328	1	121	243
2	329	1	342	684
2	330	7	218	521
2	331	2	0	514
2	332	1	347	695
2	333	1	157	315
2	334	1	359	718
2	335	1	60	120
2	336	3	0	582
2	337	5	0	238
2	338	4	90	420
2	339	1	64	129
2	340	2	0	383
2	341	1	261	523
2	342	4	130	609
2	343	2	0	623
2	344	2	0	718
2	345	5	0	305
2	346	1	131	262
2	347	1	54	108
2	348	5	0	507
2	349	1	112	224
2	350	1	86	172
2	351	1	108	217
2	352	1	554	1109
2	353	3	0	65
2	354	2	0	248
2	355	1	354	709
2	356	4	59	275
2	357	7	140	371
2	358	2	0	271
2	359	1	71	143
2	360	3	0	586
2	361	3	0	474
2	362	4	52	245
2	363	1	86	172
2	364	1	81	162
2	365	1	36	73
2	366	1	98	197
2	367	1	127	254
2	368	1	515	1031
2	369	2	0	413
2	370	5	0	559
2	371	1	85	170
2	372	1	213	427
2	373	1	328	656
2	374	4	187	874
2	375	1	167	334
2	376	1	180	361
2	377	1	59	119
2	378	1	295	591
2	379	4	111	438
2	380	5	0	450
2	381	1	39	78
2	382	1	348	697
2	383	3	0	519
2	384	6	11	736
2	385	1	135	270
2	386	1	78	157
2	387	4	83	389
2	388	2	0	945
2	389	1	245	491
2	390	7	283	674
2	391	4	15	71
2	392	1	175	351
2	393	1	309	618
2	394	1	303	607
2	395	1	241	482
2	396	2	0	409
2	397	3	0	885
2	398	1	288	577
2	399	1	432	865
2	400	3	0	708
2	401	1	326	652
2	402	1	234	468
2	403	1	38	76
2	404	1	153	306
2	405	1	335	671
2	406	1	251	502
2	407	2	0	220
2	408	1	380	760
2	409	4	148	689
2	410	4	53	247
2	411	2	0	279
2	412	1	103	206
2	413	1	331	662
2	414	1	46	92
2	415	1	265	531
2	416	1	193	386
2	417	1	142	284
2	418	1	352	704
2	419	1	75	150
2	420	3	0	606
2	421	2	0	336
2	422	2	0	509
2	423	1	304	608
2	424	1	329	658
2	425	3	0	620
2	426	1	257	515
2	427	6	12	821
2	428	1	181	362
2	429	1	120	241
2	430	1	153	307
2	431	1	356	713
2	432	1	549	1099
2	433	3	0	125
2	434	2	0	648
2	435	1	230	461
2	436	1	282	565
2	437	4	45	210
2	438	2	0	443
2	439	3	0	456
2	440	2	0	152
2	441	4	148	693
2	442	2	0	607
2	443	3	0	96
2	444	1	38	77
2	445	1	405	810
2	446	1	202	404
2	447	3	0	172
2	448	4	103	483
2	449	5	0	332
2	450	1	205	411
2	451	1	350	700
2	452	2	0	1273
2	453	1	38	77
2	454	1	379	758
2	455	2	0	487
2	456	5	0	917
2	457	1	53	106
2	458	2	0	818
2	459	5	0	650
2	460	4	180	840
2	461	1	264	528
2	462	1	169	338
2	463	1	167	334
2	464	2	0	642
2	465	4	112	524
2	466	1	92	185
2	467	1	128	257
2	468	1	452	905
2	469	2	0	178
2	470	1	77	155
2	471	3	0	221
2	472	1	200	401
2	473	1	247	495
2	474	1	200	401
2	475	1	390	781
2	476	6	9	625
2	477	2	0	778
2	478	1	149	299
2	479	1	194	389
2	480	4	139	650
2	481	1	246	493
2	482	1	290	580
2	483	1	194	388
2	484	2	0	536
2	485	2	0	343
2	486	1	368	737
2	487	1	75	150
2	488	1	138	277
2	489	1	308	616
2	490	1	417	835
2	491	4	308	1435
2	492	1	382	765
2	493	1	106	213
2	494	2	0	257
2	495	3	0	259
2	496	3	0	612
2	497	7	64	154
2	498	1	343	687
2	499	1	183	366
2	500	1	373	746
2	501	5	6	272
2	502	1	381	763
2	503	1	230	460
2	504	5	0	544
2	505	1	239	479
2	506	2	0	407
2	507	5	0	255
2	508	1	108	216
2	509	2	0	823
2	510	1	33	66
2	511	1	88	177
2	512	3	1	365
2	513	1	42	84
2	514	2	0	394
2	515	2	0	726
2	516	1	369	738
2	517	1	66	132
2	518	7	81	206
2	519	1	140	281
2	520	1	416	832
2	521	4	262	1221
2	522	1	141	283
2	523	1	322	644
2	524	1	104	209
2	525	1	258	516
2	526	2	0	415
2	527	1	161	323
2	528	1	178	356
2	529	3	0	779
2	530	1	353	706
2	531	4	84	391
2	532	1	148	296
2	533	2	0	463
2	534	1	168	336
2	535	2	0	99
2	536	2	0	457
2	537	1	89	179
2	538	1	205	410
2	539	2	0	358
2	540	1	33	66
2	541	1	327	654
